{
  "project_info": {
    "project_number": "74552254968",
    "firebase_url": "https://tiket-saya-new.firebaseio.com",
    "project_id": "tiket-saya-new",
    "storage_bucket": "tiket-saya-new.appspot.com"
  },
  "client": [
    {
      "client_info": {
        "mobilesdk_app_id": "1:74552254968:android:794586f9c275bb1342b60d",
        "android_client_info": {
          "package_name": "com.example.tiketsayanew"
        }
      },
      "oauth_client": [
        {
          "client_id": "74552254968-fk6gg90e5ehpqas647lcpsce2pmvnrba.apps.googleusercontent.com",
          "client_type": 1,
          "android_info": {
            "package_name": "com.example.tiketsayanew",
            "certificate_hash": "c993e8a4ec4b69785e5fbf80dc203c9f5f291be3"
          }
        },
        {
          "client_id": "74552254968-ik0qioc34ab3m338h5k2a5p9ig92uuvq.apps.googleusercontent.com",
          "client_type": 1,
          "android_info": {
            "package_name": "com.example.tiketsayanew",
            "certificate_hash": "744de8d0b3aa472ecafaab5e867dcc6c85061d64"
          }
        },
        {
          "client_id": "74552254968-sjmeos050nbmriprcv9j0134fqo320l8.apps.googleusercontent.com",
          "client_type": 3
        }
      ],
      "api_key": [
        {
          "current_key": "AIzaSyBRnSVQH2P71w01oAtzxgur6bjwsOPcRt4"
        }
      ],
      "services": {
        "appinvite_service": {
          "other_platform_oauth_client": [
            {
              "client_id": "74552254968-sjmeos050nbmriprcv9j0134fqo320l8.apps.googleusercontent.com",
              "client_type": 3
            }
          ]
        }
      }
    }
  ],
  "configuration_version": "1"
}